Time,Susceptible,Infected,Recovered,Dead
0,299,1,0,0
1,299,1,0,0
2,299,1,0,0
3,299,1,0,0
4,299,1,0,0
5,299,1,0,0
6,299,1,0,0
7,299,1,0,0
8,299,1,0,0
9,299,1,0,0
10,299,1,0,0
11,299,1,0,0
12,299,1,0,0
13,299,1,0,0
14,299,1,0,0
15,299,1,0,0
16,299,1,0,0
17,299,1,0,0
18,299,1,0,0
19,299,1,0,0
20,299,1,0,0
21,299,1,0,0
22,299,1,0,0
23,299,1,0,0
24,299,1,0,0
25,299,1,0,0
26,299,1,0,0
27,299,1,0,0
28,299,1,0,0
29,299,1,0,0
30,299,1,0,0
31,299,1,0,0
32,299,1,0,0
33,299,1,0,0
34,299,1,0,0
35,299,1,0,0
36,299,1,0,0
37,299,1,0,0
38,299,1,0,0
39,299,1,0,0
40,299,1,0,0
41,299,1,0,0
42,299,1,0,0
43,299,1,0,0
44,299,1,0,0
45,299,1,0,0
46,299,1,0,0
47,299,1,0,0
48,299,1,0,0
49,299,1,0,0
50,299,1,0,0
51,299,1,0,0
52,299,1,0,0
53,299,1,0,0
54,299,1,0,0
55,299,1,0,0
56,299,1,0,0
57,299,1,0,0
58,299,1,0,0
59,299,1,0,0
60,299,1,0,0
61,299,1,0,0
62,299,1,0,0
63,299,1,0,0
64,299,1,0,0
65,299,1,0,0
66,299,1,0,0
67,299,1,0,0
68,299,1,0,0
69,299,1,0,0
70,299,1,0,0
71,298,2,0,0
72,298,2,0,0
73,298,2,0,0
74,298,2,0,0
75,298,2,0,0
76,298,2,0,0
77,298,2,0,0
78,298,2,0,0
79,298,2,0,0
80,298,2,0,0
81,298,2,0,0
82,298,2,0,0
83,298,2,0,0
84,298,2,0,0
85,298,2,0,0
86,298,2,0,0
87,298,2,0,0
88,298,2,0,0
89,298,2,0,0
90,298,2,0,0
91,298,2,0,0
92,298,2,0,0
93,298,2,0,0
94,298,2,0,0
95,298,2,0,0
96,298,2,0,0
97,298,2,0,0
98,298,2,0,0
99,298,2,0,0
100,298,2,0,0
101,298,2,0,0
102,298,2,0,0
103,298,2,0,0
104,298,2,0,0
105,298,2,0,0
106,297,3,0,0
107,297,3,0,0
108,297,3,0,0
109,297,3,0,0
110,297,3,0,0
111,297,3,0,0
112,297,3,0,0
113,297,3,0,0
114,297,3,0,0
115,297,3,0,0
116,297,3,0,0
117,297,3,0,0
118,297,3,0,0
119,297,3,0,0
120,297,3,0,0
121,297,3,0,0
122,297,3,0,0
123,297,3,0,0
124,297,3,0,0
125,297,3,0,0
126,297,3,0,0
127,297,3,0,0
128,297,3,0,0
129,297,3,0,0
130,297,3,0,0
131,297,3,0,0
132,297,3,0,0
133,296,4,0,0
134,296,4,0,0
135,296,4,0,0
136,296,4,0,0
137,296,4,0,0
138,295,5,0,0
139,295,5,0,0
140,295,5,0,0
141,294,6,0,0
142,293,7,0,0
143,293,7,0,0
144,293,7,0,0
145,293,7,0,0
146,293,7,0,0
147,293,7,0,0
148,293,7,0,0
149,293,7,0,0
150,293,7,0,0
151,293,7,0,0
152,293,7,0,0
153,293,7,0,0
154,293,7,0,0
155,293,7,0,0
156,293,7,0,0
157,293,7,0,0
158,293,7,0,0
159,293,7,0,0
160,293,7,0,0
161,293,7,0,0
162,293,7,0,0
163,293,7,0,0
164,293,7,0,0
165,293,7,0,0
166,293,7,0,0
167,293,7,0,0
168,293,7,0,0
169,293,7,0,0
170,293,7,0,0
171,293,7,0,0
172,293,7,0,0
173,293,7,0,0
174,293,7,0,0
175,293,7,0,0
176,293,7,0,0
177,293,7,0,0
178,293,7,0,0
179,293,7,0,0
180,293,7,0,0
181,293,7,0,0
182,293,7,0,0
183,293,7,0,0
184,293,7,0,0
185,293,7,0,0
186,293,7,0,0
187,293,7,0,0
188,293,7,0,0
189,293,7,0,0
190,293,7,0,0
191,293,7,0,0
192,293,7,0,0
193,293,7,0,0
194,293,7,0,0
195,292,8,0,0
196,292,8,0,0
197,292,8,0,0
198,292,8,0,0
199,292,8,0,0
200,292,8,0,0
201,292,8,0,0
202,292,8,0,0
203,292,8,0,0
204,292,8,0,0
205,292,8,0,0
206,292,8,0,0
207,292,8,0,0
208,292,8,0,0
209,292,8,0,0
210,292,8,0,0
211,292,8,0,0
212,292,8,0,0
213,292,8,0,0
214,292,8,0,0
215,292,8,0,0
216,292,8,0,0
217,292,8,0,0
218,292,8,0,0
219,292,8,0,0
220,292,8,0,0
221,292,8,0,0
222,292,8,0,0
223,291,9,0,0
224,291,9,0,0
225,291,9,0,0
226,291,9,0,0
227,291,9,0,0
228,291,9,0,0
229,291,9,0,0
230,291,9,0,0
231,291,9,0,0
232,291,9,0,0
233,291,9,0,0
234,291,9,0,0
235,291,9,0,0
236,291,9,0,0
237,291,9,0,0
238,291,9,0,0
239,291,9,0,0
240,291,9,0,0
241,291,9,0,0
242,291,9,0,0
243,291,9,0,0
244,291,9,0,0
245,291,9,0,0
246,291,9,0,0
247,291,9,0,0
248,291,9,0,0
249,291,9,0,0
250,291,9,0,0
251,291,9,0,0
252,291,9,0,0
253,291,9,0,0
254,290,10,0,0
255,290,10,0,0
256,290,10,0,0
257,290,10,0,0
258,290,10,0,0
259,289,11,0,0
260,288,12,0,0
261,288,12,0,0
262,288,12,0,0
263,288,12,0,0
264,288,12,0,0
265,288,12,0,0
266,288,12,0,0
267,288,12,0,0
268,287,13,0,0
269,287,13,0,0
270,287,13,0,0
271,287,13,0,0
272,287,13,0,0
273,287,13,0,0
274,287,13,0,0
275,287,13,0,0
276,287,13,0,0
277,287,13,0,0
278,287,13,0,0
279,287,13,0,0
280,287,13,0,0
281,286,14,0,0
282,286,14,0,0
283,286,14,0,0
284,286,14,0,0
285,286,14,0,0
286,286,14,0,0
287,286,14,0,0
288,286,14,0,0
289,286,14,0,0
290,286,14,0,0
291,286,14,0,0
292,286,14,0,0
293,286,14,0,0
294,286,14,0,0
295,286,14,0,0
296,286,14,0,0
297,286,14,0,0
298,286,14,0,0
299,286,14,0,0
300,286,14,0,0
301,286,14,0,0
302,286,14,0,0
303,286,14,0,0
304,286,14,0,0
305,286,14,0,0
306,286,14,0,0
307,286,14,0,0
308,286,14,0,0
309,286,14,0,0
310,286,14,0,0
311,286,14,0,0
312,286,14,0,0
313,286,14,0,0
314,286,14,0,0
315,286,14,0,0
316,286,14,0,0
317,286,14,0,0
318,285,15,0,0
319,285,15,0,0
320,285,15,0,0
321,285,15,0,0
322,285,15,0,0
323,285,15,0,0
324,285,15,0,0
325,285,15,0,0
326,285,15,0,0
327,285,15,0,0
328,285,15,0,0
329,285,15,0,0
330,285,15,0,0
331,285,15,0,0
332,285,15,0,0
333,285,15,0,0
334,285,15,0,0
335,285,15,0,0
336,285,15,0,0
337,285,15,0,0
338,285,15,0,0
339,285,15,0,0
340,285,15,0,0
341,285,15,0,0
342,285,15,0,0
343,285,15,0,0
344,285,15,0,0
345,285,15,0,0
346,285,15,0,0
347,285,15,0,0
348,285,15,0,0
349,285,15,0,0
350,285,15,0,0
351,285,15,0,0
352,285,15,0,0
353,285,15,0,0
354,284,16,0,0
355,284,16,0,0
356,283,17,0,0
357,283,17,0,0
358,283,17,0,0
359,283,17,0,0
360,283,17,0,0
361,283,17,0,0
362,283,17,0,0
363,283,17,0,0
364,283,17,0,0
365,283,17,0,0
366,283,17,0,0
367,283,17,0,0
368,283,17,0,0
369,283,17,0,0
370,283,17,0,0
371,283,17,0,0
372,283,17,0,0
373,283,17,0,0
374,283,17,0,0
375,283,17,0,0
376,283,17,0,0
377,283,17,0,0
378,283,17,0,0
379,283,17,0,0
380,283,17,0,0
381,283,17,0,0
382,283,17,0,0
383,283,17,0,0
384,283,17,0,0
385,283,17,0,0
386,283,17,0,0
387,283,17,0,0
388,283,17,0,0
389,283,17,0,0
390,283,17,0,0
391,283,17,0,0
392,283,17,0,0
393,283,17,0,0
394,283,17,0,0
395,283,17,0,0
396,283,17,0,0
397,283,17,0,0
398,283,17,0,0
399,283,17,0,0
400,283,17,0,0
401,282,18,0,0
402,282,18,0,0
403,282,18,0,0
404,282,18,0,0
405,282,18,0,0
406,282,18,0,0
407,282,18,0,0
408,282,18,0,0
409,282,18,0,0
410,282,18,0,0
411,282,18,0,0
412,282,18,0,0
413,282,18,0,0
414,281,19,0,0
415,281,19,0,0
416,281,19,0,0
417,281,19,0,0
418,280,20,0,0
419,280,20,0,0
420,280,20,0,0
421,280,20,0,0
422,280,20,0,0
423,280,20,0,0
424,280,20,0,0
425,280,20,0,0
426,280,20,0,0
427,279,21,0,0
428,278,22,0,0
429,278,22,0,0
430,278,22,0,0
431,278,22,0,0
432,278,22,0,0
433,278,22,0,0
434,278,22,0,0
435,278,22,0,0
436,278,22,0,0
437,278,22,0,0
438,278,22,0,0
439,278,22,0,0
440,278,22,0,0
441,278,22,0,0
442,278,22,0,0
443,278,22,0,0
444,278,22,0,0
445,278,22,0,0
446,278,22,0,0
447,278,22,0,0
448,278,22,0,0
449,278,22,0,0
450,278,22,0,0
451,278,22,0,0
452,278,22,0,0
453,278,22,0,0
454,278,22,0,0
455,278,22,0,0
456,278,22,0,0
457,278,22,0,0
458,278,22,0,0
459,278,22,0,0
460,278,22,0,0
461,278,22,0,0
462,278,22,0,0
463,278,22,0,0
464,278,22,0,0
465,277,23,0,0
466,277,23,0,0
467,277,23,0,0
468,277,23,0,0
469,277,23,0,0
470,277,23,0,0
471,277,23,0,0
472,277,23,0,0
473,277,23,0,0
474,277,23,0,0
475,277,23,0,0
476,277,23,0,0
477,277,23,0,0
478,277,23,0,0
479,275,25,0,0
480,275,25,0,0
481,275,25,0,0
482,275,25,0,0
483,275,25,0,0
484,275,25,0,0
485,275,25,0,0
486,275,25,0,0
487,275,25,0,0
488,275,25,0,0
489,275,25,0,0
490,275,25,0,0
491,275,25,0,0
492,275,25,0,0
493,275,25,0,0
494,275,25,0,0
495,275,25,0,0
496,275,25,0,0
497,275,25,0,0
498,275,25,0,0
499,275,25,0,0
500,275,25,0,0
501,275,25,0,0
502,275,25,0,0
503,275,25,0,0
504,275,25,0,0
505,275,25,0,0
506,275,25,0,0
507,275,25,0,0
508,275,25,0,0
509,275,25,0,0
510,274,26,0,0
511,274,26,0,0
512,274,26,0,0
513,274,26,0,0
514,274,26,0,0
515,274,26,0,0
516,274,26,0,0
517,274,26,0,0
518,274,26,0,0
519,274,26,0,0
520,274,26,0,0
521,274,26,0,0
522,274,26,0,0
523,274,26,0,0
524,274,26,0,0
525,274,26,0,0
526,274,26,0,0
527,273,27,0,0
528,273,27,0,0
529,273,27,0,0
530,273,27,0,0
531,273,27,0,0
532,272,28,0,0
533,272,28,0,0
534,272,28,0,0
535,272,28,0,0
536,272,28,0,0
537,272,28,0,0
538,272,28,0,0
539,271,29,0,0
540,271,29,0,0
541,271,29,0,0
542,271,29,0,0
543,271,29,0,0
544,271,29,0,0
545,270,30,0,0
546,270,30,0,0
547,270,30,0,0
548,270,30,0,0
549,270,30,0,0
550,269,31,0,0
551,269,31,0,0
552,269,31,0,0
553,269,31,0,0
554,269,31,0,0
555,269,31,0,0
556,269,31,0,0
557,269,31,0,0
558,269,31,0,0
559,269,31,0,0
560,269,31,0,0
561,269,31,0,0
562,268,32,0,0
563,268,32,0,0
564,268,32,0,0
565,268,32,0,0
566,268,32,0,0
567,268,32,0,0
568,268,32,0,0
569,268,32,0,0
570,268,32,0,0
571,268,32,0,0
572,268,32,0,0
573,267,33,0,0
574,267,33,0,0
575,267,33,0,0
576,267,33,0,0
577,267,33,0,0
578,267,33,0,0
579,267,33,0,0
580,267,33,0,0
581,267,33,0,0
582,267,33,0,0
583,267,33,0,0
584,267,33,0,0
585,267,33,0,0
586,267,33,0,0
587,267,33,0,0
588,267,33,0,0
589,267,33,0,0
590,267,33,0,0
591,266,34,0,0
592,266,34,0,0
593,266,34,0,0
594,265,35,0,0
595,265,35,0,0
596,265,35,0,0
597,265,35,0,0
598,265,35,0,0
599,265,35,0,0
600,265,35,0,0
601,264,36,0,0
602,264,36,0,0
603,264,36,0,0
604,264,36,0,0
605,264,36,0,0
606,264,36,0,0
607,264,36,0,0
608,264,36,0,0
609,264,36,0,0
610,264,36,0,0
611,264,36,0,0
612,264,36,0,0
613,264,36,0,0
614,264,36,0,0
615,264,36,0,0
616,264,36,0,0
617,264,36,0,0
618,264,36,0,0
619,264,36,0,0
620,264,36,0,0
621,264,36,0,0
622,264,36,0,0
623,264,36,0,0
624,264,36,0,0
625,264,36,0,0
626,264,36,0,0
627,264,36,0,0
628,264,36,0,0
629,264,36,0,0
630,264,36,0,0
631,264,36,0,0
632,264,36,0,0
633,263,37,0,0
634,263,37,0,0
635,262,38,0,0
636,262,38,0,0
637,262,38,0,0
638,262,38,0,0
639,262,38,0,0
640,261,39,0,0
641,261,39,0,0
642,260,40,0,0
643,260,40,0,0
644,260,40,0,0
645,260,40,0,0
646,259,41,0,0
647,259,41,0,0
648,258,42,0,0
649,258,42,0,0
650,258,42,0,0
651,258,42,0,0
652,258,42,0,0
653,258,42,0,0
654,257,43,0,0
655,257,43,0,0
656,256,44,0,0
657,255,45,0,0
658,255,45,0,0
659,255,45,0,0
660,255,45,0,0
661,255,45,0,0
662,254,46,0,0
663,254,46,0,0
664,254,46,0,0
665,254,46,0,0
666,254,46,0,0
667,254,46,0,0
668,254,46,0,0
669,254,46,0,0
670,254,46,0,0
671,253,47,0,0
672,253,47,0,0
673,252,48,0,0
674,252,48,0,0
675,252,48,0,0
676,252,48,0,0
677,252,48,0,0
678,252,48,0,0
679,252,48,0,0
680,252,48,0,0
681,252,48,0,0
682,252,48,0,0
683,252,48,0,0
684,251,49,0,0
685,250,50,0,0
686,249,51,0,0
687,249,51,0,0
688,249,51,0,0
689,249,51,0,0
690,249,51,0,0
691,249,51,0,0
692,249,51,0,0
693,249,51,0,0
694,249,51,0,0
695,247,53,0,0
696,247,53,0,0
697,247,53,0,0
698,247,53,0,0
699,247,53,0,0
700,247,53,0,0
701,246,54,0,0
702,246,54,0,0
703,246,54,0,0
704,246,54,0,0
705,245,55,0,0
706,245,55,0,0
707,245,55,0,0
708,244,56,0,0
709,243,57,0,0
710,243,57,0,0
711,242,58,0,0
712,242,58,0,0
713,242,58,0,0
714,242,58,0,0
715,241,59,0,0
716,241,59,0,0
717,241,59,0,0
718,241,59,0,0
719,241,59,0,0
720,241,59,0,0
721,241,59,0,0
722,241,59,0,0
723,240,60,0,0
724,240,60,0,0
725,239,61,0,0
726,239,61,0,0
727,239,61,0,0
728,238,62,0,0
729,238,62,0,0
730,238,62,0,0
731,238,62,0,0
732,236,64,0,0
733,236,64,0,0
734,236,64,0,0
735,236,64,0,0
736,236,64,0,0
737,236,64,0,0
738,236,64,0,0
739,236,64,0,0
740,235,65,0,0
741,234,66,0,0
742,234,66,0,0
743,234,66,0,0
744,234,66,0,0
745,234,66,0,0
746,234,66,0,0
747,234,66,0,0
748,233,67,0,0
749,232,68,0,0
750,232,68,0,0
751,232,68,0,0
752,232,68,0,0
753,230,70,0,0
754,230,70,0,0
755,230,70,0,0
756,230,70,0,0
757,230,70,0,0
758,229,71,0,0
759,229,71,0,0
760,229,71,0,0
761,229,71,0,0
762,229,71,0,0
763,229,71,0,0
764,229,71,0,0
765,228,72,0,0
766,228,72,0,0
767,228,72,0,0
768,228,72,0,0
769,228,72,0,0
770,228,72,0,0
771,227,73,0,0
772,227,73,0,0
773,227,73,0,0
774,225,75,0,0
775,225,75,0,0
776,225,75,0,0
777,225,75,0,0
778,225,75,0,0
779,225,75,0,0
780,225,75,0,0
781,225,75,0,0
782,225,75,0,0
783,224,76,0,0
784,223,77,0,0
785,223,77,0,0
786,223,77,0,0
787,222,78,0,0
788,222,78,0,0
789,222,78,0,0
790,222,78,0,0
791,222,78,0,0
792,221,79,0,0
793,221,79,0,0
794,220,80,0,0
795,220,80,0,0
796,220,80,0,0
797,220,80,0,0
798,220,80,0,0
799,220,80,0,0
800,220,80,0,0
801,220,80,0,0
802,220,80,0,0
803,220,80,0,0
804,220,80,0,0
805,220,80,0,0
806,220,80,0,0
807,220,80,0,0
808,220,80,0,0
809,219,81,0,0
810,219,81,0,0
811,219,81,0,0
812,219,81,0,0
813,219,81,0,0
814,219,81,0,0
815,219,81,0,0
816,219,81,0,0
817,217,83,0,0
818,217,83,0,0
819,217,83,0,0
820,217,83,0,0
821,217,83,0,0
822,216,84,0,0
823,215,85,0,0
824,215,85,0,0
825,215,85,0,0
826,215,85,0,0
827,214,86,0,0
828,214,86,0,0
829,214,86,0,0
830,214,86,0,0
831,214,86,0,0
832,214,86,0,0
833,214,86,0,0
834,214,86,0,0
835,214,86,0,0
836,214,86,0,0
837,214,86,0,0
838,214,86,0,0
839,214,86,0,0
840,213,87,0,0
841,213,87,0,0
842,213,87,0,0
843,213,87,0,0
844,213,87,0,0
845,212,88,0,0
846,212,88,0,0
847,212,88,0,0
848,212,88,0,0
849,212,88,0,0
850,212,88,0,0
851,211,89,0,0
852,211,89,0,0
853,211,89,0,0
854,211,89,0,0
855,210,90,0,0
856,210,90,0,0
857,210,90,0,0
858,209,91,0,0
859,207,93,0,0
860,207,93,0,0
861,207,93,0,0
862,207,93,0,0
863,207,93,0,0
864,207,93,0,0
865,207,93,0,0
866,207,93,0,0
867,207,93,0,0
868,206,94,0,0
869,206,94,0,0
870,206,94,0,0
871,205,95,0,0
872,205,95,0,0
873,205,95,0,0
874,205,95,0,0
875,205,95,0,0
876,205,95,0,0
877,205,95,0,0
878,205,95,0,0
879,205,95,0,0
880,205,95,0,0
881,205,95,0,0
882,205,95,0,0
883,205,95,0,0
884,204,96,0,0
885,204,96,0,0
886,204,96,0,0
887,204,96,0,0
888,204,96,0,0
889,203,97,0,0
890,203,97,0,0
891,203,97,0,0
892,202,98,0,0
893,202,98,0,0
894,201,99,0,0
895,201,99,0,0
896,201,99,0,0
897,201,99,0,0
898,201,99,0,0
899,201,99,0,0
900,200,100,0,0
901,199,101,0,0
902,199,101,0,0
903,199,101,0,0
904,199,101,0,0
905,199,101,0,0
906,199,101,0,0
907,199,101,0,0
908,199,101,0,0
909,199,101,0,0
910,199,101,0,0
911,199,101,0,0
912,199,101,0,0
913,199,101,0,0
914,199,101,0,0
915,199,101,0,0
916,199,101,0,0
917,197,103,0,0
918,197,103,0,0
919,197,103,0,0
920,195,105,0,0
921,195,105,0,0
922,195,105,0,0
923,195,105,0,0
924,194,106,0,0
925,194,106,0,0
926,194,106,0,0
927,194,106,0,0
928,193,107,0,0
929,192,108,0,0
930,192,108,0,0
931,191,109,0,0
932,191,109,0,0
933,189,111,0,0
934,189,111,0,0
935,189,111,0,0
936,187,113,0,0
937,187,113,0,0
938,187,113,0,0
939,187,113,0,0
940,186,114,0,0
941,186,114,0,0
942,186,114,0,0
943,186,114,0,0
944,185,115,0,0
945,185,115,0,0
946,185,115,0,0
947,184,116,0,0
948,184,116,0,0
949,184,116,0,0
950,184,116,0,0
951,184,116,0,0
952,184,116,0,0
953,183,117,0,0
954,183,117,0,0
955,183,117,0,0
956,183,117,0,0
957,183,117,0,0
958,183,117,0,0
959,182,118,0,0
960,182,118,0,0
961,181,119,0,0
962,181,119,0,0
963,180,120,0,0
964,180,120,0,0
965,179,121,0,0
966,179,121,0,0
967,179,121,0,0
968,179,121,0,0
969,179,121,0,0
970,179,121,0,0
971,178,122,0,0
972,177,123,0,0
973,177,123,0,0
974,176,124,0,0
975,176,124,0,0
976,176,124,0,0
977,176,124,0,0
978,176,124,0,0
979,176,124,0,0
980,176,124,0,0
981,176,124,0,0
982,176,124,0,0
983,176,124,0,0
984,176,124,0,0
985,176,124,0,0
986,175,125,0,0
987,175,125,0,0
988,175,125,0,0
989,175,125,0,0
990,175,125,0,0
991,175,125,0,0
992,174,126,0,0
993,174,126,0,0
994,174,126,0,0
995,174,126,0,0
996,174,126,0,0
997,174,126,0,0
998,174,126,0,0
999,174,126,0,0
1000,173,127,0,0
1001,171,129,0,0
1002,171,129,0,0
1003,171,129,0,0
1004,171,129,0,0
1005,170,130,0,0
1006,170,130,0,0
1007,170,130,0,0
1008,170,130,0,0
1009,168,132,0,0
1010,168,132,0,0
1011,167,133,0,0
1012,166,134,0,0
1013,166,134,0,0
1014,166,134,0,0
1015,166,134,0,0
1016,166,134,0,0
1017,165,135,0,0
1018,163,137,0,0
1019,162,138,0,0
1020,161,139,0,0
1021,160,140,0,0
1022,160,140,0,0
1023,160,140,0,0
1024,160,140,0,0
1025,160,140,0,0
1026,160,140,0,0
1027,158,142,0,0
1028,156,144,0,0
1029,155,145,0,0
1030,155,145,0,0
1031,155,145,0,0
1032,155,145,0,0
1033,155,145,0,0
1034,155,145,0,0
1035,155,145,0,0
1036,155,145,0,0
1037,155,145,0,0
1038,155,145,0,0
1039,155,145,0,0
1040,155,145,0,0
1041,155,145,0,0
1042,154,146,0,0
1043,154,146,0,0
1044,154,146,0,0
1045,153,147,0,0
1046,153,147,0,0
1047,153,147,0,0
1048,153,147,0,0
1049,153,147,0,0
1050,153,147,0,0
1051,153,147,0,0
1052,152,148,0,0
1053,152,148,0,0
1054,152,148,0,0
1055,151,149,0,0
1056,151,149,0,0
1057,151,149,0,0
1058,151,149,0,0
1059,150,150,0,0
1060,150,150,0,0
1061,150,150,0,0
1062,150,150,0,0
1063,150,150,0,0
1064,150,150,0,0
1065,150,150,0,0
1066,150,150,0,0
1067,150,150,0,0
1068,150,150,0,0
1069,150,150,0,0
1070,148,152,0,0
1071,147,153,0,0
1072,147,153,0,0
1073,147,153,0,0
1074,147,153,0,0
1075,147,153,0,0
1076,147,153,0,0
1077,147,153,0,0
1078,147,153,0,0
1079,147,153,0,0
1080,147,153,0,0
1081,146,154,0,0
1082,146,154,0,0
1083,146,154,0,0
1084,145,155,0,0
1085,144,156,0,0
1086,144,156,0,0
1087,144,156,0,0
1088,144,156,0,0
1089,144,156,0,0
1090,144,156,0,0
1091,144,156,0,0
1092,144,156,0,0
1093,142,158,0,0
1094,141,159,0,0
1095,141,159,0,0
1096,141,159,0,0
1097,141,159,0,0
1098,140,160,0,0
1099,140,160,0,0
1100,140,160,0,0
1101,140,160,0,0
1102,140,160,0,0
1103,139,161,0,0
1104,139,161,0,0
1105,139,161,0,0
1106,139,161,0,0
1107,138,162,0,0
1108,138,162,0,0
1109,137,163,0,0
1110,137,163,0,0
1111,137,163,0,0
1112,137,163,0,0
1113,137,163,0,0
1114,136,164,0,0
1115,134,166,0,0
1116,134,166,0,0
1117,134,166,0,0
1118,133,167,0,0
1119,133,167,0,0
1120,132,168,0,0
1121,132,168,0,0
1122,132,168,0,0
1123,132,168,0,0
1124,132,168,0,0
1125,132,168,0,0
1126,132,168,0,0
1127,132,168,0,0
1128,131,169,0,0
1129,131,169,0,0
1130,131,169,0,0
1131,131,169,0,0
1132,131,169,0,0
1133,131,169,0,0
1134,130,170,0,0
1135,130,170,0,0
1136,130,170,0,0
1137,129,171,0,0
1138,129,171,0,0
1139,129,171,0,0
1140,129,171,0,0
1141,129,171,0,0
1142,128,172,0,0
1143,127,173,0,0
1144,127,173,0,0
1145,127,173,0,0
1146,127,173,0,0
1147,126,174,0,0
1148,126,174,0,0
1149,125,175,0,0
1150,124,176,0,0
1151,124,176,0,0
1152,124,176,0,0
1153,124,176,0,0
1154,124,176,0,0
1155,124,176,0,0
1156,124,176,0,0
1157,124,176,0,0
1158,124,176,0,0
1159,123,177,0,0
1160,122,178,0,0
1161,122,178,0,0
1162,122,178,0,0
1163,122,178,0,0
1164,122,178,0,0
1165,122,178,0,0
1166,121,179,0,0
1167,120,180,0,0
1168,120,180,0,0
1169,120,180,0,0
1170,120,180,0,0
1171,120,180,0,0
1172,120,180,0,0
1173,120,180,0,0
1174,119,181,0,0
1175,118,182,0,0
1176,118,182,0,0
1177,118,182,0,0
1178,118,182,0,0
1179,118,182,0,0
1180,118,182,0,0
1181,118,182,0,0
1182,117,183,0,0
1183,117,183,0,0
1184,117,183,0,0
1185,117,183,0,0
1186,117,183,0,0
1187,117,183,0,0
1188,116,184,0,0
1189,116,184,0,0
1190,116,184,0,0
1191,116,184,0,0
1192,115,185,0,0
1193,115,185,0,0
1194,115,185,0,0
1195,115,185,0,0
1196,115,185,0,0
1197,115,185,0,0
1198,115,185,0,0
1199,114,186,0,0
1200,114,186,0,0
1201,114,186,0,0
1202,114,186,0,0
1203,114,186,0,0
1204,114,186,0,0
1205,114,186,0,0
1206,114,186,0,0
1207,114,186,0,0
1208,114,186,0,0
1209,114,186,0,0
1210,114,186,0,0
1211,114,186,0,0
1212,114,186,0,0
1213,114,186,0,0
1214,114,186,0,0
1215,114,186,0,0
1216,114,186,0,0
1217,114,186,0,0
1218,114,186,0,0
1219,114,186,0,0
1220,114,186,0,0
1221,114,186,0,0
1222,114,186,0,0
1223,114,186,0,0
1224,114,186,0,0
1225,114,186,0,0
1226,114,186,0,0
1227,114,186,0,0
1228,114,186,0,0
1229,114,186,0,0
1230,114,186,0,0
1231,114,186,0,0
1232,114,186,0,0
1233,114,186,0,0
1234,114,186,0,0
1235,113,187,0,0
1236,113,187,0,0
1237,112,188,0,0
1238,111,189,0,0
1239,111,189,0,0
1240,111,189,0,0
1241,111,189,0,0
1242,111,189,0,0
1243,111,189,0,0
1244,111,189,0,0
1245,111,189,0,0
1246,111,189,0,0
1247,111,189,0,0
1248,111,189,0,0
1249,111,189,0,0
1250,111,189,0,0
1251,111,189,0,0
1252,111,189,0,0
1253,111,189,0,0
1254,110,190,0,0
1255,110,190,0,0
1256,110,190,0,0
1257,110,190,0,0
1258,110,190,0,0
1259,110,190,0,0
1260,110,190,0,0
1261,110,190,0,0
1262,109,191,0,0
1263,109,191,0,0
1264,109,191,0,0
1265,109,191,0,0
1266,109,191,0,0
1267,109,191,0,0
1268,109,191,0,0
1269,109,191,0,0
1270,109,191,0,0
1271,109,191,0,0
1272,109,191,0,0
1273,109,191,0,0
1274,108,192,0,0
1275,108,192,0,0
1276,108,192,0,0
1277,108,192,0,0
1278,107,193,0,0
1279,107,193,0,0
1280,107,193,0,0
1281,107,193,0,0
1282,106,194,0,0
1283,106,194,0,0
1284,106,194,0,0
1285,106,194,0,0
1286,106,194,0,0
1287,105,195,0,0
1288,105,195,0,0
1289,105,195,0,0
1290,104,196,0,0
1291,104,196,0,0
1292,104,196,0,0
1293,104,196,0,0
1294,104,196,0,0
1295,104,196,0,0
1296,104,196,0,0
1297,104,196,0,0
1298,104,196,0,0
1299,104,196,0,0
1300,104,196,0,0
1301,104,196,0,0
1302,104,196,0,0
1303,104,196,0,0
1304,104,196,0,0
1305,104,196,0,0
1306,104,196,0,0
1307,104,196,0,0
1308,104,196,0,0
1309,104,196,0,0
1310,104,196,0,0
1311,104,196,0,0
1312,104,196,0,0
1313,104,196,0,0
1314,104,196,0,0
1315,104,196,0,0
1316,103,197,0,0
1317,103,197,0,0
1318,103,197,0,0
1319,101,199,0,0
1320,101,199,0,0
1321,101,199,0,0
1322,101,199,0,0
1323,101,199,0,0
1324,101,199,0,0
1325,101,199,0,0
1326,101,199,0,0
1327,101,199,0,0
1328,101,199,0,0
1329,99,201,0,0
1330,98,202,0,0
1331,98,202,0,0
1332,98,202,0,0
1333,98,202,0,0
1334,97,203,0,0
1335,97,203,0,0
1336,97,203,0,0
1337,97,203,0,0
1338,97,203,0,0
1339,97,203,0,0
1340,97,203,0,0
1341,96,204,0,0
1342,96,204,0,0
1343,96,204,0,0
1344,96,204,0,0
1345,95,205,0,0
1346,94,206,0,0
1347,94,206,0,0
1348,94,206,0,0
1349,94,206,0,0
1350,94,206,0,0
1351,94,206,0,0
1352,94,206,0,0
1353,94,206,0,0
1354,94,206,0,0
1355,94,206,0,0
1356,94,206,0,0
1357,94,206,0,0
1358,94,206,0,0
1359,94,206,0,0
1360,94,206,0,0
1361,94,206,0,0
1362,94,206,0,0
1363,94,206,0,0
1364,94,206,0,0
1365,94,206,0,0
1366,94,206,0,0
1367,94,206,0,0
1368,94,206,0,0
1369,94,206,0,0
1370,94,206,0,0
1371,94,206,0,0
1372,94,206,0,0
1373,93,207,0,0
1374,92,208,0,0
1375,91,209,0,0
1376,90,210,0,0
1377,90,210,0,0
1378,90,210,0,0
1379,89,211,0,0
1380,87,213,0,0
1381,87,213,0,0
1382,87,213,0,0
1383,87,213,0,0
1384,87,213,0,0
1385,87,213,0,0
1386,87,213,0,0
1387,86,214,0,0
1388,86,214,0,0
1389,86,214,0,0
1390,85,215,0,0
1391,85,215,0,0
1392,85,215,0,0
1393,85,215,0,0
1394,85,215,0,0
1395,85,215,0,0
1396,85,215,0,0
1397,84,216,0,0
1398,84,216,0,0
1399,84,216,0,0
1400,84,216,0,0
1401,84,215,1,0
1402,84,215,1,0
1403,84,215,1,0
1404,84,215,1,0
1405,84,215,1,0
1406,84,215,1,0
1407,84,215,1,0
1408,84,215,1,0
1409,84,215,2,0
1410,84,215,2,0
1411,84,215,2,0
1412,84,215,2,0
1413,84,215,3,0
1414,84,215,3,0
1415,82,215,2,2
1416,82,215,2,2
1417,82,215,2,2
1418,82,215,2,2
1419,82,215,3,2
1420,82,215,3,2
1421,81,215,2,3
1422,81,215,2,3
1423,81,215,2,3
1424,81,215,2,3
1425,81,215,2,3
1426,81,215,2,3
1427,81,215,3,3
1428,81,215,3,3
1429,81,215,3,3
1430,80,215,3,4
1431,80,215,3,4
1432,80,215,5,4
1433,80,215,5,4
1434,80,215,5,4
1435,80,215,6,4
1436,80,215,7,4
1437,78,215,5,6
1438,78,215,5,6
1439,78,215,5,6
1440,78,215,5,6
1441,78,215,5,6
1442,77,215,5,7
1443,77,215,5,7
1444,76,215,4,8
1445,76,215,4,8
1446,76,215,4,8
1447,76,215,4,8
1448,76,215,4,8
1449,76,215,4,8
1450,76,215,4,8
1451,76,215,4,8
1452,76,215,4,8
1453,76,215,4,8
1454,76,215,4,8
1455,76,215,4,8
1456,76,215,4,8
1457,76,215,4,8
1458,76,215,4,8
1459,76,215,4,8
1460,76,215,4,8
1461,76,215,4,8
1462,74,215,2,10
1463,74,215,2,10
1464,74,215,2,10
1465,74,215,2,10
1466,74,215,2,10
1467,73,215,1,11
1468,73,215,1,11
1469,73,215,2,11
1470,73,215,2,11
1471,72,215,1,12
1472,72,214,2,12
1473,72,214,2,12
1474,72,214,2,12
1475,72,214,2,12
1476,72,214,3,12
1477,72,214,3,12
1478,72,214,4,12
1479,72,214,4,12
1480,72,214,4,12
1481,72,214,4,12
1482,72,214,4,12
1483,72,214,4,12
1484,72,214,4,12
1485,72,214,4,12
1486,72,214,4,12
1487,72,214,4,12
1488,72,214,4,12
1489,72,214,4,12
1490,72,214,4,12
1491,72,214,4,12
1492,72,214,5,12
1493,72,214,5,12
1494,72,214,5,12
1495,72,214,5,12
1496,72,214,5,12
1497,72,214,5,12
1498,72,214,5,12
1499,72,214,5,12
1500,71,214,4,13
1501,71,214,4,13
1502,71,214,5,13
1503,71,214,5,13
1504,71,214,5,13
1505,71,214,5,13
1506,71,214,6,13
1507,71,213,8,13
1508,70,213,9,14
1509,69,213,8,15
1510,69,213,8,15
1511,69,213,8,15
1512,69,213,8,15
1513,69,213,8,15
1514,69,213,8,15
1515,69,213,8,15
1516,69,213,8,15
1517,69,213,8,15
1518,69,213,8,15
1519,69,213,8,15
1520,69,213,8,15
1521,69,213,9,15
1522,69,213,9,15
1523,69,213,9,15
1524,69,213,9,15
1525,68,213,8,16
1526,68,213,8,16
1527,68,213,8,16
1528,68,213,8,16
1529,68,213,8,16
1530,68,213,8,16
1531,68,213,8,16
1532,68,213,8,16
1533,68,213,8,16
1534,68,212,10,16
1535,68,212,10,16
1536,68,212,10,16
1537,68,212,10,16
1538,68,212,10,16
1539,68,211,10,17
1540,68,211,10,17
1541,68,211,10,17
1542,68,210,11,17
1543,68,209,12,17
1544,68,209,12,17
1545,68,209,12,17
1546,68,209,12,17
1547,68,209,12,17
1548,68,209,12,17
1549,68,209,12,17
1550,68,209,12,17
1551,68,209,12,17
1552,68,209,12,17
1553,68,209,12,17
1554,68,209,12,17
1555,68,209,12,17
1556,68,209,12,17
1557,68,209,12,17
1558,68,209,12,17
1559,68,209,13,17
1560,68,209,13,17
1561,68,209,13,17
1562,68,209,13,17
1563,68,209,13,17
1564,68,209,13,17
1565,68,209,13,17
1566,68,209,13,17
1567,68,209,13,17
1568,68,209,13,17
1569,68,209,14,17
1570,67,209,13,18
1571,67,209,13,18
1572,67,209,13,18
1573,67,209,13,18
1574,67,209,13,18
1575,67,209,13,18
1576,67,209,14,18
1577,67,209,14,18
1578,67,209,14,18
1579,67,209,14,18
1580,67,209,15,18
1581,67,209,15,18
1582,67,209,15,18
1583,67,209,15,18
1584,67,209,15,18
1585,67,209,15,18
1586,67,209,15,18
1587,67,209,15,18
1588,67,209,16,18
1589,67,209,16,18
1590,65,209,14,20
1591,65,209,15,20
1592,65,209,15,20
1593,65,209,15,20
1594,65,209,15,20
1595,64,209,14,21
1596,64,208,15,21
1597,64,208,15,21
1598,64,208,15,21
1599,64,208,15,21
1600,64,208,15,21
1601,64,208,15,21
1602,64,208,15,21
1603,64,208,15,21
1604,64,208,15,21
1605,64,208,15,21
1606,64,208,15,21
1607,64,208,15,21
1608,63,208,14,22
1609,63,208,14,22
1610,63,208,15,22
1611,63,208,15,22
1612,63,208,15,22
1613,63,208,15,22
1614,63,208,15,22
1615,63,208,15,22
1616,63,208,15,22
1617,63,208,15,22
1618,63,208,15,22
1619,63,208,15,22
1620,63,208,15,22
1621,63,208,15,22
1622,63,208,15,22
1623,63,208,15,22
1624,63,207,16,22
1625,63,207,16,22
1626,63,207,16,22
1627,63,207,16,22
1628,63,207,16,22
1629,63,207,16,22
1630,63,207,16,22
1631,63,207,16,22
1632,63,207,17,22
1633,62,207,16,23
1634,62,207,16,23
1635,62,207,16,23
1636,62,207,16,23
1637,62,207,17,23
1638,62,207,17,23
1639,62,207,17,23
1640,62,207,17,23
1641,62,207,17,23
1642,62,207,17,23
1643,61,207,16,24
1644,61,207,16,24
1645,61,207,16,24
1646,61,207,16,24
1647,61,207,16,24
1648,61,207,16,24
1649,61,207,16,24
1650,61,207,16,24
1651,61,207,17,24
1652,60,207,16,25
1653,60,207,16,25
1654,60,207,16,25
1655,60,206,17,25
1656,60,206,17,25
1657,60,206,17,25
1658,60,206,17,25
1659,60,206,17,25
1660,60,205,17,26
1661,60,204,17,27
1662,60,204,17,27
1663,60,204,17,27
1664,60,204,17,27
1665,59,204,16,28
1666,59,204,16,28
1667,59,204,16,28
1668,59,204,16,28
1669,59,203,16,29
1670,59,203,16,29
1671,59,203,17,29
1672,59,203,17,29
1673,59,203,17,29
1674,59,203,18,29
1675,59,203,18,29
1676,58,203,18,30
1677,58,203,18,30
1678,58,203,18,30
1679,58,203,18,30
1680,58,203,18,30
1681,58,203,18,30
1682,58,202,18,31
1683,58,202,18,31
1684,58,202,18,31
1685,58,202,18,31
1686,58,202,18,31
1687,58,202,18,31
1688,58,202,18,31
1689,58,202,18,31
1690,58,202,18,31
1691,58,202,19,31
1692,58,202,19,31
1693,58,202,20,31
1694,58,202,20,31
1695,57,202,19,32
1696,57,202,19,32
1697,57,202,19,32
1698,57,202,19,32
1699,57,202,19,32
1700,57,202,19,32
1701,57,202,19,32
1702,57,202,19,32
1703,57,202,19,32
1704,57,202,19,32
1705,57,202,19,32
1706,57,202,19,32
1707,57,202,19,32
1708,57,202,19,32
1709,57,202,19,32
1710,57,202,19,32
1711,57,202,19,32
1712,57,202,19,32
1713,57,202,19,32
1714,57,202,19,32
1715,57,202,19,32
1716,57,202,19,32
1717,57,202,19,32
1718,57,202,19,32
1719,57,201,20,32
1720,57,201,20,32
1721,57,201,20,32
1722,57,201,20,32
1723,57,201,20,32
1724,57,201,20,32
1725,57,201,20,32
1726,57,201,20,32
1727,57,201,20,32
1728,57,201,20,32
1729,57,201,20,32
1730,57,201,20,32
1731,57,201,20,32
1732,57,201,20,32
1733,57,201,20,32
1734,57,201,20,32
1735,57,201,20,32
1736,57,201,20,32
1737,57,201,20,32
1738,57,201,20,32
1739,57,201,20,32
1740,57,201,21,32
1741,57,201,21,32
1742,57,201,21,32
1743,57,201,21,32
1744,57,201,21,32
1745,57,201,21,32
1746,57,201,21,32
1747,57,201,21,32
1748,57,201,21,32
1749,57,201,21,32
1750,57,201,21,32
1751,57,201,21,32
1752,57,201,21,32
1753,57,201,21,32
1754,57,201,21,32
1755,57,200,22,32
1756,57,200,23,32
1757,56,199,22,34
1758,56,199,23,34
1759,56,199,23,34
1760,56,199,23,34
1761,55,199,22,35
1762,55,199,22,35
1763,55,199,22,35
1764,55,199,22,35
1765,55,199,22,35
1766,55,199,22,35
1767,55,199,22,35
1768,55,199,22,35
1769,55,199,22,35
1770,55,199,22,35
1771,55,199,22,35
1772,55,199,22,35
1773,55,199,23,35
1774,54,199,22,36
1775,53,199,22,37
1776,53,199,22,37
1777,53,199,22,37
1778,53,199,22,37
1779,53,199,22,37
1780,53,199,22,37
1781,53,199,22,37
1782,53,199,23,37
1783,53,199,23,37
1784,52,199,22,38
1785,52,199,22,38
1786,52,199,22,38
1787,52,199,22,38
1788,52,199,22,38
1789,51,199,21,39
1790,51,199,21,39
1791,51,199,21,39
1792,51,199,21,39
1793,51,199,21,39
1794,51,199,21,39
1795,51,199,21,39
1796,51,199,22,39
1797,50,199,21,40
1798,50,199,21,40
1799,50,199,21,40
1800,50,199,21,40
1801,50,199,21,40
1802,50,198,22,40
1803,50,198,22,40
1804,50,198,22,40
1805,50,198,22,40
1806,50,198,22,40
1807,50,198,23,40
1808,50,198,23,40
1809,50,198,23,40
1810,50,198,23,40
1811,50,198,23,40
1812,50,198,23,40
1813,50,198,23,40
1814,50,198,23,40
1815,50,197,23,41
1816,50,197,23,41
1817,50,197,23,41
1818,50,197,23,41
1819,50,196,24,41
1820,50,196,24,41
1821,50,196,24,41
1822,50,196,24,41
1823,50,196,24,41
1824,50,196,24,41
1825,50,196,24,41
1826,50,196,24,41
1827,50,196,24,41
1828,50,195,25,41
1829,50,194,26,41
1830,49,194,26,42
1831,49,194,26,42
1832,49,194,26,42
1833,49,194,26,42
1834,49,194,26,42
1835,49,194,26,42
1836,49,194,26,42
1837,49,194,26,42
1838,49,194,26,42
1839,49,194,26,42
1840,49,194,26,42
1841,49,194,26,42
1842,49,194,26,42
1843,49,194,26,42
1844,49,194,26,42
1845,48,194,26,43
1846,48,194,26,43
1847,48,194,26,43
1848,48,194,26,43
1849,48,194,26,43
1850,48,194,26,43
1851,48,194,26,43
1852,48,194,26,43
1853,48,194,26,43
1854,48,194,26,43
1855,48,194,26,43
1856,48,194,26,43
1857,48,194,26,43
1858,48,194,26,43
1859,48,194,26,43
1860,48,194,26,43
1861,48,194,26,43
1862,48,194,26,43
1863,48,194,26,43
1864,48,194,26,43
1865,48,194,26,43
1866,48,193,27,43
1867,48,193,27,43
1868,48,193,27,43
1869,48,193,27,43
1870,48,193,27,43
1871,48,193,27,43
1872,48,193,27,43
1873,47,193,27,44
1874,47,193,27,44
1875,47,193,27,44
1876,46,193,26,45
1877,46,193,26,45
1878,46,193,26,45
1879,46,193,26,45
1880,46,191,28,45
1881,46,191,28,45
1882,46,191,28,45
1883,46,191,28,45
1884,46,191,28,45
1885,46,191,28,45
1886,46,191,28,45
1887,46,191,28,45
1888,46,191,28,45
1889,45,191,27,46
1890,45,191,27,46
1891,45,191,27,46
1892,45,191,27,46
1893,44,191,27,47
1894,44,191,27,47
1895,44,191,27,47
1896,44,191,27,47
1897,44,191,27,47
1898,44,191,27,47
1899,44,191,27,47
1900,44,191,27,47
1901,44,191,27,47
1902,44,191,28,47
1903,44,191,28,47
1904,44,191,28,47
1905,44,191,28,47
1906,44,191,28,47
1907,44,191,28,47
1908,44,191,28,47
1909,44,191,29,47
1910,43,191,28,48
1911,42,190,27,50
1912,42,190,27,50
1913,42,190,27,50
1914,42,190,28,50
1915,42,190,28,50
1916,42,190,28,50
1917,42,190,28,50
1918,42,190,28,50
1919,41,190,27,51
1920,41,190,27,51
1921,41,190,28,51
1922,40,190,27,52
1923,40,190,27,52
1924,40,190,27,52
1925,40,190,27,52
1926,40,190,27,52
1927,40,190,27,52
1928,40,189,28,52
1929,40,189,28,52
1930,40,189,28,52
1931,40,189,28,52
1932,40,189,28,52
1933,39,188,28,53
1934,39,188,28,53
1935,39,188,28,53
1936,39,188,28,53
1937,39,188,28,53
1938,39,188,28,53
1939,39,188,28,53
1940,39,187,29,53
1941,39,187,29,53
1942,39,187,29,53
1943,39,187,29,53
1944,39,187,30,53
1945,39,187,30,53
1946,38,186,30,54
1947,37,186,30,55
1948,37,186,30,55
1949,37,186,31,55
1950,36,186,30,56
1951,36,185,32,56
1952,36,185,32,56
1953,36,185,32,56
1954,36,185,32,56
1955,36,185,32,56
1956,36,185,32,56
1957,36,185,32,56
1958,36,185,32,56
1959,35,185,31,57
1960,35,185,31,57
1961,35,185,31,57
1962,35,185,31,57
1963,35,184,32,57
1964,35,184,32,57
1965,35,184,33,57
1966,34,184,32,58
1967,34,184,32,58
1968,34,184,32,58
1969,34,184,32,58
1970,34,184,32,58
1971,34,184,32,58
1972,34,184,32,58
1973,34,184,32,58
1974,34,183,33,58
1975,34,183,33,58
1976,34,183,34,58
1977,34,183,34,58
1978,34,183,34,58
1979,34,183,34,58
1980,34,183,34,58
1981,34,183,34,58
1982,33,183,33,59
1983,33,183,33,59
1984,33,183,33,59
1985,33,183,33,59
1986,33,183,33,59
1987,33,183,33,59
1988,33,183,33,59
1989,33,183,33,59
1990,33,183,33,59
1991,33,183,33,59
1992,33,182,34,59
1993,33,182,34,59
1994,33,182,34,59
1995,33,181,35,59
1996,33,181,35,59
1997,33,181,35,59
1998,33,181,35,59
1999,33,181,35,59
2000,33,181,35,59
2001,33,181,35,59
2002,33,180,36,59
2003,33,180,36,59
2004,33,180,36,59
2005,33,180,36,59
2006,33,180,36,59
2007,33,180,36,59
2008,33,180,36,59
2009,33,180,36,59
2010,33,180,36,59
2011,33,180,36,59
2012,33,180,36,59
2013,33,180,36,59
2014,33,180,36,59
2015,33,180,36,59
2016,33,180,36,59
2017,33,180,36,59
2018,33,180,36,59
2019,33,180,36,59
2020,33,180,36,59
2021,32,180,36,60
2022,32,180,36,60
2023,32,180,37,60
2024,32,180,37,60
2025,32,180,37,60
2026,31,180,36,61
2027,31,180,36,61
2028,31,180,36,61
2029,31,180,36,61
2030,31,180,36,61
2031,31,180,36,61
2032,31,180,36,61
2033,31,180,36,61
2034,31,179,36,62
2035,31,179,36,62
2036,31,178,37,62
2037,31,178,37,62
2038,31,178,37,62
2039,31,178,37,62
2040,31,178,37,62
2041,31,177,38,62
2042,31,177,38,62
2043,31,176,38,63
2044,31,176,38,63
2045,31,176,38,63
2046,31,176,39,63
2047,30,175,39,64
2048,30,175,39,64
2049,30,174,40,64
2050,30,174,40,64
2051,30,174,40,64
2052,30,174,40,64
2053,30,174,40,64
2054,30,174,40,64
2055,29,173,40,65
2056,29,173,40,65
2057,29,172,41,65
2058,29,171,42,65
2059,29,171,43,65
2060,29,171,43,65
2061,29,171,43,65
2062,29,171,43,65
2063,29,170,44,65
2064,29,170,44,65
2065,29,170,44,65
2066,29,170,44,65
2067,29,170,44,65
2068,29,170,44,65
2069,29,170,44,65
2070,29,170,44,65
2071,29,170,44,65
2072,29,169,44,66
2073,29,169,44,66
2074,29,168,44,67
2075,29,168,44,67
2076,29,168,44,67
2077,29,168,44,67
2078,29,168,44,67
2079,29,168,44,67
2080,29,168,44,67
2081,29,168,44,67
2082,29,168,44,67
2083,29,168,44,67
2084,29,168,44,67
2085,29,167,44,68
2086,29,166,44,69
2087,29,165,44,70
2088,29,165,44,70
2089,29,165,44,70
2090,29,165,44,70
2091,29,165,44,70
2092,29,165,44,70
2093,29,165,44,70
2094,29,165,44,70
2095,29,165,44,70
2096,29,163,46,70
2097,29,163,46,70
2098,29,163,46,70
2099,29,163,46,70
2100,29,163,46,70
2101,29,163,46,70
2102,29,162,47,70
2103,29,162,48,70
2104,29,162,48,70
2105,29,162,48,70
2106,29,161,49,70
2107,29,161,49,70
2108,29,161,49,70
2109,29,160,50,70
2110,29,159,52,70
2111,29,159,52,70
2112,29,158,53,70
2113,29,158,53,70
2114,29,158,53,70
2115,29,158,53,70
2116,29,157,54,70
2117,29,157,54,70
2118,29,157,54,70
2119,29,157,54,70
2120,29,157,54,70
2121,29,157,54,70
2122,29,157,54,70
2123,29,157,54,70
2124,28,156,54,71
2125,28,156,54,71
2126,28,155,54,72
2127,28,155,54,72
2128,28,155,55,72
2129,28,154,56,72
2130,28,154,56,72
2131,27,154,55,73
2132,27,154,55,73
2133,27,152,57,73
2134,27,152,58,73
2135,26,152,57,74
2136,26,152,57,74
2137,26,152,57,74
2138,26,152,57,74
2139,26,152,57,74
2140,26,152,57,74
2141,26,151,58,74
2142,26,150,59,74
2143,26,150,59,74
2144,26,150,60,74
2145,26,150,60,74
2146,26,150,60,74
2147,26,150,60,74
2148,26,150,60,74
2149,26,149,61,74
2150,26,148,62,74
2151,26,148,62,74
2152,26,148,62,74
2153,26,148,62,74
2154,26,146,63,75
2155,26,146,63,75
2156,26,146,63,75
2157,26,146,63,75
2158,26,146,63,75
2159,26,145,63,76
2160,26,145,63,76
2161,25,145,62,77
2162,25,145,62,77
2163,25,145,62,77
2164,25,145,62,77
2165,25,145,62,77
2166,25,144,63,77
2167,25,144,63,77
2168,25,144,63,77
2169,25,144,63,77
2170,25,144,63,77
2171,25,144,63,77
2172,25,143,64,77
2173,25,143,64,77
2174,25,143,64,77
2175,25,141,66,77
2176,25,141,66,77
2177,25,141,66,77
2178,25,141,66,77
2179,25,141,66,77
2180,25,141,66,77
2181,25,141,66,77
2182,25,141,66,77
2183,25,141,66,77
2184,25,140,67,77
2185,25,139,68,77
2186,25,139,68,77
2187,25,139,68,77
2188,25,138,69,77
2189,25,138,69,77
2190,25,138,69,77
2191,25,138,69,77
2192,25,138,69,77
2193,25,137,70,77
2194,25,137,70,77
2195,25,136,71,77
2196,25,136,71,77
2197,25,136,71,77
2198,25,136,71,77
2199,25,136,71,77
2200,25,136,71,77
2201,25,136,72,77
2202,25,136,72,77
2203,24,136,72,78
2204,24,136,72,78
2205,24,136,72,78
2206,24,136,72,78
2207,24,136,72,78
2208,24,136,72,78
2209,24,136,72,78
2210,24,135,73,78
2211,23,135,73,79
2212,23,135,73,79
2213,23,135,73,79
2214,23,135,73,79
2215,23,135,73,79
2216,23,135,73,79
2217,23,135,73,79
2218,23,133,74,80
2219,23,133,74,80
2220,23,133,74,80
2221,23,133,74,80
2222,23,133,74,80
2223,23,132,75,80
2224,23,131,76,80
2225,23,131,76,80
2226,23,131,76,80
2227,23,131,76,80
2228,23,130,78,80
2229,23,130,78,80
2230,23,130,78,80
2231,23,130,78,80
2232,23,130,78,80
2233,23,130,78,80
2234,23,130,78,80
2235,23,130,78,80
2236,23,130,78,80
2237,23,130,78,80
2238,23,130,78,80
2239,23,130,78,80
2240,23,130,78,80
2241,23,129,79,80
2242,23,129,79,80
2243,23,129,79,80
2244,23,129,79,80
2245,23,129,79,80
2246,23,128,80,80
2247,23,128,80,80
2248,23,128,80,80
2249,23,128,80,80
2250,23,128,80,80
2251,23,128,80,80
2252,23,127,81,80
2253,23,127,81,80
2254,23,127,81,80
2255,23,127,81,80
2256,23,126,82,80
2257,23,126,82,80
2258,23,126,82,80
2259,23,125,82,81
2260,23,123,84,81
2261,23,123,84,81
2262,23,123,84,81
2263,23,123,84,81
2264,23,123,84,81
2265,23,123,84,81
2266,23,123,84,81
2267,23,123,84,81
2268,23,123,84,81
2269,23,122,85,81
2270,23,122,85,81
2271,23,122,85,81
2272,23,121,86,81
2273,23,121,86,81
2274,23,121,86,81
2275,23,121,86,81
2276,23,121,86,81
2277,23,121,86,81
2278,23,121,86,81
2279,23,121,86,81
2280,23,121,86,81
2281,23,121,86,81
2282,23,121,86,81
2283,23,121,86,81
2284,23,121,86,81
2285,23,120,87,81
2286,23,120,87,81
2287,23,120,87,81
2288,23,120,87,81
2289,23,120,87,81
2290,23,119,88,81
2291,23,119,88,81
2292,23,119,88,81
2293,23,118,89,81
2294,23,118,89,81
2295,22,117,89,82
2296,22,117,89,82
2297,22,117,89,82
2298,22,117,89,82
2299,22,117,89,82
2300,22,117,89,82
2301,22,116,90,82
2302,22,115,91,82
2303,22,115,91,82
2304,22,115,91,82
2305,22,115,91,82
2306,22,115,91,82
2307,22,115,91,82
2308,22,115,91,82
2309,22,115,91,82
2310,22,115,92,82
2311,22,115,92,82
2312,22,115,92,82
2313,22,115,92,82
2314,22,115,92,82
2315,22,115,92,82
2316,22,115,92,82
2317,22,115,92,82
2318,22,113,93,83
2319,22,113,93,83
2320,22,113,93,83
2321,22,111,94,84
2322,22,111,94,84
2323,22,111,94,84
2324,22,111,94,84
2325,22,110,94,85
2326,22,110,94,85
2327,22,110,94,85
2328,22,110,94,85
2329,22,109,95,85
2330,22,108,96,85
2331,22,108,96,85
2332,22,107,97,85
2333,22,107,97,85
2334,22,105,99,85
2335,22,105,99,85
2336,22,105,99,85
2337,22,103,101,85
2338,22,103,101,85
2339,22,103,102,85
2340,22,103,103,85
2341,21,102,103,86
2342,21,102,103,86
2343,21,102,103,86
2344,21,102,103,86
2345,19,101,102,88
2346,19,101,102,88
2347,19,101,102,88
2348,19,100,103,88
2349,19,100,103,88
2350,19,100,103,88
2351,19,100,103,88
2352,19,100,103,88
2353,19,100,103,88
2354,19,99,104,88
2355,19,99,104,88
2356,19,99,104,88
2357,19,99,104,88
2358,19,99,104,88
2359,19,99,104,88
2360,19,98,105,88
2361,19,98,105,88
2362,19,97,106,88
2363,19,97,106,88
2364,19,96,107,88
2365,19,96,107,88
2366,19,95,107,89
2367,19,95,107,89
2368,19,95,107,89
2369,19,95,107,89
2370,19,95,107,89
2371,19,95,107,89
2372,19,94,108,89
2373,19,93,108,90
2374,19,93,108,90
2375,19,92,108,91
2376,19,92,108,91
2377,18,92,107,92
2378,18,92,107,92
2379,18,92,107,92
2380,18,92,107,92
2381,18,92,107,92
2382,18,92,107,92
2383,18,92,107,92
2384,18,92,107,92
2385,18,92,107,92
2386,18,92,107,92
2387,18,91,108,92
2388,18,91,108,92
2389,18,91,108,92
2390,18,91,108,92
2391,18,91,108,92
2392,18,91,108,92
2393,18,90,109,92
2394,18,90,109,92
2395,18,90,109,92
2396,18,90,109,92
2397,18,90,109,92
2398,18,90,109,92
2399,18,90,109,92
2400,18,90,109,92
2401,18,89,110,92
2402,18,87,112,92
2403,18,87,112,92
2404,18,87,113,92
2405,18,87,113,92
2406,18,86,114,92
2407,18,86,114,92
2408,18,86,114,92
2409,18,86,114,92
2410,18,84,116,92
2411,18,84,116,92
2412,18,83,116,93
2413,18,82,116,94
2414,18,82,116,94
2415,18,82,116,94
2416,18,82,116,94
2417,18,82,116,94
2418,18,81,117,94
2419,18,79,118,95
2420,18,78,119,95
2421,18,77,120,95
2422,18,76,121,95
2423,18,76,121,95
2424,18,76,121,95
2425,18,76,121,95
2426,18,76,121,95
2427,18,76,121,95
2428,18,74,124,95
2429,18,72,126,95
2430,17,71,126,96
2431,17,71,126,96
2432,17,71,126,96
2433,17,71,126,96
2434,17,71,126,96
2435,17,71,126,96
2436,17,71,126,96
2437,17,71,126,96
2438,17,71,126,96
2439,17,71,126,96
2440,17,71,126,96
2441,17,71,126,96
2442,17,71,126,96
2443,17,70,127,96
2444,17,70,127,96
2445,17,70,127,96
2446,17,69,128,96
2447,17,69,128,96
2448,17,69,128,96
2449,17,69,128,96
2450,17,69,128,96
2451,17,69,128,96
2452,17,69,128,96
2453,17,68,129,96
2454,17,68,129,96
2455,17,68,129,96
2456,17,67,130,96
2457,17,67,130,96
2458,17,67,130,96
2459,17,67,130,96
2460,17,66,131,96
2461,17,66,131,96
2462,17,66,131,96
2463,17,66,131,96
2464,17,66,131,96
2465,17,66,131,96
2466,17,66,131,96
2467,17,66,131,96
2468,17,66,131,96
2469,17,66,131,96
2470,17,66,131,96
2471,17,64,133,96
2472,17,63,134,96
2473,16,63,133,97
2474,16,63,133,97
2475,16,63,133,97
2476,16,63,133,97
2477,16,63,133,97
2478,16,63,133,97
2479,16,63,133,97
2480,16,63,133,97
2481,16,63,133,97
2482,16,62,134,97
2483,16,62,134,97
2484,16,62,134,97
2485,16,61,135,97
2486,16,60,135,98
2487,16,60,135,98
2488,16,60,135,98
2489,15,60,134,99
2490,15,60,134,99
2491,15,60,134,99
2492,15,60,134,99
2493,15,60,134,99
2494,15,58,136,99
2495,15,57,137,99
2496,15,57,137,99
2497,15,57,137,99
2498,15,57,137,99
2499,15,56,138,99
2500,15,56,138,99
2501,15,56,138,99
2502,15,56,138,99
2503,15,56,138,99
2504,15,55,139,99
2505,15,55,139,99
2506,15,55,139,99
2507,15,55,139,99
2508,15,54,140,99
2509,15,54,140,99
2510,15,53,141,99
2511,15,53,141,99
2512,15,53,141,99
2513,15,53,141,99
2514,15,53,141,99
2515,15,52,142,99
2516,15,50,143,100
2517,15,50,143,100
2518,15,50,143,100
2519,15,49,144,100
2520,15,49,144,100
2521,15,48,145,100
2522,15,48,145,100
2523,15,48,145,100
2524,15,48,145,100
2525,15,48,145,100
2526,15,48,146,100
2527,15,48,146,100
2528,15,48,146,100
2529,15,47,147,100
2530,14,47,146,101
2531,14,47,146,101
2532,14,47,146,101
2533,14,47,146,101
2534,14,47,146,101
2535,14,46,146,102
2536,14,46,146,102
2537,14,46,146,102
2538,14,45,147,102
2539,14,45,147,102
2540,14,45,147,102
2541,14,45,147,102
2542,14,45,147,102
2543,14,44,148,102
2544,14,43,149,102
2545,14,43,149,102
2546,14,43,149,102
2547,14,43,149,102
2548,14,42,150,102
2549,14,42,150,102
2550,14,41,151,102
2551,14,40,152,102
2552,14,40,152,102
2553,14,40,152,102
2554,14,40,152,102
2555,14,40,152,102
2556,14,40,152,102
2557,14,40,152,102
2558,14,40,152,102
2559,14,40,152,102
2560,14,39,153,102
2561,14,38,153,103
2562,14,38,153,103
2563,14,38,153,103
2564,14,38,153,103
2565,14,38,153,103
2566,14,38,153,103
2567,14,37,154,103
2568,14,36,155,103
2569,14,36,155,103
2570,14,36,155,103
2571,14,36,155,103
2572,14,36,155,103
2573,14,36,155,103
2574,14,36,155,103
2575,14,35,156,103
2576,14,34,157,103
2577,14,34,157,103
2578,14,34,157,103
2579,14,34,157,103
2580,14,34,157,103
2581,14,34,157,103
2582,14,34,157,103
2583,14,33,158,103
2584,14,33,158,103
2585,14,33,158,103
2586,14,33,158,103
2587,14,33,158,103
2588,14,33,158,103
2589,14,32,159,103
2590,14,32,159,103
2591,14,32,159,103
2592,14,32,159,103
2593,14,31,160,103
2594,14,31,160,103
2595,14,31,160,103
2596,14,31,160,103
2597,14,31,160,103
2598,14,31,160,103
2599,14,31,160,103
2600,14,30,161,103
2601,14,30,161,103
2602,14,30,161,103
2603,14,30,161,103
2604,14,30,161,103
2605,14,30,161,103
2606,14,30,161,103
2607,14,30,161,103
2608,13,30,160,104
2609,13,30,160,104
2610,13,30,160,104
2611,13,30,160,104
2612,13,30,160,104
2613,13,30,160,104
2614,13,30,160,104
2615,13,30,160,104
2616,13,30,160,104
2617,13,30,160,104
2618,13,30,160,104
2619,13,30,160,104
2620,13,30,160,104
2621,13,30,160,104
2622,13,30,160,104
2623,13,30,160,104
2624,13,30,160,104
2625,13,30,160,104
2626,13,30,160,104
2627,13,30,160,104
2628,13,30,160,104
2629,13,30,160,104
2630,13,30,160,104
2631,13,30,160,104
2632,13,30,160,104
2633,13,30,160,104
2634,13,30,160,104
2635,13,30,160,104
2636,13,29,161,104
2637,13,29,161,104
2638,13,28,162,104
2639,13,27,163,104
2640,13,27,163,104
2641,13,27,163,104
2642,13,27,163,104
2643,13,27,164,104
2644,13,27,164,104
2645,13,27,164,104
2646,13,27,164,104
2647,13,27,164,104
2648,12,27,163,105
2649,12,27,163,105
2650,12,27,163,105
2651,12,27,163,105
2652,12,27,163,105
2653,12,27,163,105
2654,12,27,163,105
2655,12,26,164,105
2656,12,26,164,105
2657,12,26,164,105
2658,12,26,164,105
2659,12,26,164,105
2660,12,26,164,105
2661,12,26,164,105
2662,12,26,164,105
2663,12,25,165,105
2664,12,25,165,105
2665,12,25,165,105
2666,12,25,165,105
2667,12,25,165,105
2668,12,25,165,105
2669,12,25,165,105
2670,12,25,165,105
2671,12,25,165,105
2672,12,25,165,105
2673,12,25,165,105
2674,12,25,165,105
2675,12,24,165,106
2676,12,24,165,106
2677,12,24,165,106
2678,12,24,165,106
2679,12,23,166,106
2680,12,23,166,106
2681,12,23,166,106
2682,12,23,166,106
2683,12,22,167,106
2684,12,22,167,106
2685,12,22,167,106
2686,12,22,167,106
2687,12,22,167,106
2688,12,21,168,106
2689,12,21,168,106
2690,12,21,168,106
2691,12,20,169,106
2692,12,20,169,106
2693,12,20,169,106
2694,12,20,169,106
2695,12,20,169,106
2696,12,20,169,106
2697,12,20,169,106
2698,12,20,169,106
2699,12,20,169,106
2700,12,20,169,106
2701,12,20,169,106
2702,12,20,169,106
2703,12,20,169,106
2704,12,20,169,106
2705,12,20,169,106
2706,12,20,169,106
2707,12,20,169,106
2708,12,20,169,106
2709,12,20,169,106
2710,12,20,169,106
2711,12,20,169,106
2712,12,20,169,106
2713,12,20,169,106
2714,12,20,169,106
2715,12,20,169,106
2716,12,20,169,106
2717,12,19,170,106
2718,12,19,170,106
2719,12,19,170,106
2720,12,17,172,106
2721,12,17,172,106
2722,12,17,172,106
2723,12,17,172,106
2724,12,17,172,106
2725,12,17,172,106
2726,12,17,172,106
2727,12,17,172,106
2728,12,17,172,106
2729,12,17,172,106
2730,12,15,173,107
2731,12,14,174,107
2732,12,14,174,107
2733,12,14,174,107
2734,12,14,174,107
2735,12,13,175,107
2736,12,13,175,107
2737,12,13,175,107
2738,12,13,175,107
2739,12,13,175,107
2740,12,13,175,107
2741,12,13,175,107
2742,12,12,175,108
2743,12,12,175,108
2744,12,12,175,108
2745,12,12,175,108
2746,12,11,176,108
2747,12,10,177,108
2748,12,10,177,108
2749,12,10,177,108
2750,12,10,177,108
2751,12,10,177,108
2752,12,10,177,108
2753,12,10,177,108
2754,12,10,177,108
2755,12,10,177,108
2756,12,10,177,108
2757,12,10,177,108
2758,12,10,177,108
2759,12,10,177,108
2760,12,10,177,108
2761,12,10,177,108
2762,12,10,177,108
2763,12,10,177,108
2764,12,10,177,108
2765,12,10,177,108
2766,12,10,177,108
2767,12,10,177,108
2768,12,10,177,108
2769,12,10,177,108
2770,12,10,177,108
2771,12,10,177,108
2772,12,10,177,108
2773,12,10,177,108
2774,12,9,178,108
2775,12,8,179,108
2776,12,7,179,109
2777,12,6,180,109
2778,12,6,180,109
2779,12,6,180,109
2780,12,5,180,110
2781,12,3,181,111
2782,12,3,181,111
2783,12,3,181,111
2784,12,3,181,111
2785,12,3,181,111
2786,12,3,181,111
2787,12,3,181,111
2788,12,2,182,111
2789,12,2,182,111
2790,12,2,182,111
2791,12,1,183,111
2792,12,1,183,111
2793,12,1,183,111
2794,12,1,183,111
2795,12,1,183,111
2796,12,1,183,111
2797,12,1,183,111
2798,12,0,184,111
2799,12,0,184,111
2800,12,0,184,111
2801,12,0,184,111
2802,12,0,184,111
2803,12,0,184,111
2804,12,0,184,111
2805,12,0,184,111
2806,12,0,184,111
2807,12,0,184,111
2808,12,0,184,111
2809,12,0,184,111
2810,12,0,184,111
2811,12,0,184,111
2812,12,0,184,111
2813,12,0,184,111
2814,12,0,184,111
2815,12,0,184,111
2816,12,0,184,111
2817,12,0,184,111
2818,12,0,184,111
2819,12,0,184,111
2820,12,0,184,111
2821,12,0,184,111
2822,12,0,184,111
2823,12,0,184,111
2824,12,0,184,111
2825,12,0,184,111
2826,12,0,184,111
2827,12,0,184,111
2828,12,0,184,111
2829,12,0,184,111
2830,12,0,184,111
2831,12,0,184,111
2832,12,0,184,111
2833,12,0,184,111
2834,12,0,184,111
2835,12,0,184,111
2836,12,0,184,111
2837,12,0,184,111
2838,12,0,184,111
2839,12,0,184,111
2840,12,0,184,111
2841,12,0,184,111
2842,12,0,184,111
2843,12,0,184,111
2844,12,0,184,111
2845,12,0,184,111
2846,12,0,184,111
2847,12,0,184,111
2848,12,0,184,111
2849,12,0,184,111
2850,12,0,184,111
2851,12,0,184,111
2852,12,0,184,111
2853,12,0,184,111
2854,12,0,184,111
2855,12,0,184,111
2856,12,0,184,111
2857,12,0,184,111
2858,12,0,184,111
2859,12,0,184,111
2860,12,0,184,111
2861,12,0,184,111
2862,12,0,184,111
2863,12,0,184,111
2864,12,0,184,111
2865,12,0,184,111
2866,12,0,184,111
2867,12,0,184,111
2868,12,0,184,111
2869,12,0,184,111
2870,12,0,184,111
2871,12,0,184,111
2872,12,0,184,111
2873,12,0,184,111
2874,12,0,184,111
2875,12,0,184,111
2876,12,0,184,111
2877,12,0,184,111
2878,12,0,184,111
2879,12,0,184,111
2880,12,0,184,111
2881,12,0,184,111
2882,12,0,184,111
2883,12,0,184,111
2884,12,0,184,111
2885,12,0,184,111
2886,12,0,184,111
2887,12,0,184,111
2888,12,0,184,111
2889,12,0,184,111
2890,12,0,184,111
2891,12,0,184,111
2892,12,0,184,111
2893,12,0,184,111
2894,12,0,184,111
2895,12,0,184,111
2896,12,0,184,111
2897,12,0,184,111
2898,12,0,184,111
2899,12,0,184,111
2900,12,0,184,111
2901,12,0,184,111
2902,12,0,184,111
2903,12,0,184,111
2904,12,0,184,111
2905,12,0,184,111
2906,12,0,184,111
2907,12,0,184,111
2908,12,0,184,111
2909,12,0,184,111
2910,12,0,184,111
2911,12,0,184,111
2912,12,0,184,111
2913,12,0,184,111
2914,12,0,184,111
2915,12,0,184,111
2916,12,0,184,111
2917,12,0,184,111
2918,12,0,184,111
2919,12,0,184,111
2920,12,0,184,111
2921,12,0,184,111
2922,12,0,184,111
2923,12,0,184,111
2924,12,0,184,111
2925,12,0,184,111
2926,12,0,184,111
2927,12,0,184,111
2928,12,0,184,111
2929,12,0,184,111
2930,12,0,184,111
2931,12,0,184,111
2932,12,0,184,111
2933,12,0,184,111
2934,12,0,184,111
2935,12,0,184,111
2936,12,0,184,111
2937,12,0,184,111
2938,12,0,184,111
2939,12,0,184,111
2940,12,0,184,111
2941,12,0,184,111
2942,12,0,184,111
2943,12,0,184,111
2944,12,0,184,111
2945,12,0,184,111
2946,12,0,184,111
2947,12,0,184,111
2948,12,0,184,111
2949,12,0,184,111
2950,12,0,184,111
2951,12,0,184,111
2952,12,0,184,111
2953,12,0,184,111
2954,12,0,184,111
2955,12,0,184,111
2956,12,0,184,111
2957,12,0,184,111
2958,12,0,184,111
2959,12,0,184,111
2960,12,0,184,111
2961,12,0,184,111
2962,12,0,184,111
2963,12,0,184,111
2964,12,0,184,111
2965,12,0,184,111
2966,12,0,184,111
2967,12,0,184,111
2968,12,0,184,111
2969,12,0,184,111
2970,12,0,184,111
2971,12,0,184,111
2972,12,0,184,111
2973,12,0,184,111
2974,12,0,184,111
2975,12,0,184,111
2976,12,0,184,111
2977,12,0,184,111
2978,12,0,184,111
2979,12,0,184,111
2980,12,0,184,111
2981,12,0,184,111
2982,12,0,184,111
2983,12,0,184,111
2984,12,0,184,111
2985,12,0,184,111
2986,12,0,184,111
2987,12,0,184,111
2988,12,0,184,111
2989,12,0,184,111
2990,12,0,184,111
2991,12,0,184,111
2992,12,0,184,111
2993,12,0,184,111
2994,12,0,184,111
2995,12,0,184,111
2996,12,0,184,111
2997,12,0,184,111
2998,12,0,184,111
2999,12,0,184,111
3000,12,0,184,111
3001,12,0,184,111
3002,12,0,184,111
3003,12,0,184,111
3004,12,0,184,111
3005,12,0,184,111
3006,12,0,184,111
3007,12,0,184,111
3008,12,0,184,111
3009,12,0,184,111
3010,12,0,184,111
3011,12,0,184,111
3012,12,0,184,111
3013,12,0,184,111
3014,12,0,184,111
3015,12,0,184,111
3016,12,0,184,111
3017,12,0,184,111
3018,12,0,184,111
3019,12,0,184,111
3020,12,0,184,111
3021,12,0,184,111
3022,12,0,184,111
3023,12,0,184,111
3024,12,0,184,111
3025,12,0,184,111
3026,12,0,184,111
3027,12,0,184,111
3028,12,0,184,111
3029,12,0,184,111
3030,12,0,184,111
3031,12,0,184,111
3032,12,0,184,111
3033,12,0,184,111
3034,12,0,184,111
3035,12,0,184,111
3036,12,0,184,111
3037,12,0,184,111
3038,12,0,184,111
3039,12,0,184,111
3040,12,0,184,111
3041,12,0,184,111
3042,12,0,184,111
3043,12,0,184,111
3044,12,0,184,111
3045,12,0,184,111
3046,12,0,184,111
3047,12,0,184,111
3048,12,0,184,111
3049,12,0,184,111
3050,12,0,184,111
3051,12,0,184,111
3052,12,0,184,111
3053,12,0,184,111
3054,12,0,184,111
3055,12,0,184,111
3056,12,0,184,111
3057,12,0,184,111
3058,12,0,184,111
3059,12,0,184,111
3060,12,0,184,111
3061,12,0,184,111
3062,12,0,184,111
3063,12,0,184,111
3064,12,0,184,111
3065,12,0,184,111
3066,12,0,184,111
3067,12,0,184,111
3068,12,0,184,111
3069,12,0,184,111
3070,12,0,184,111
3071,12,0,184,111
3072,12,0,184,111
3073,12,0,184,111
3074,12,0,184,111
3075,12,0,184,111
3076,12,0,184,111
3077,12,0,184,111
3078,12,0,184,111
3079,12,0,184,111
3080,12,0,184,111
3081,12,0,184,111
3082,12,0,184,111
3083,12,0,184,111
3084,12,0,184,111
3085,12,0,184,111
3086,12,0,184,111
3087,12,0,184,111
3088,12,0,184,111
3089,12,0,184,111
3090,12,0,184,111
3091,12,0,184,111
3092,12,0,184,111
3093,12,0,184,111
3094,12,0,184,111
3095,12,0,184,111
3096,12,0,184,111
3097,12,0,184,111
3098,12,0,184,111
3099,12,0,184,111
3100,12,0,184,111
3101,12,0,184,111
3102,12,0,184,111
3103,12,0,184,111
3104,12,0,184,111
3105,12,0,184,111
3106,12,0,184,111
3107,12,0,184,111
3108,12,0,184,111
3109,12,0,184,111
3110,12,0,184,111
3111,12,0,184,111
3112,12,0,184,111
3113,12,0,184,111
3114,12,0,184,111
3115,12,0,184,111
3116,12,0,184,111
3117,12,0,184,111
3118,12,0,184,111
3119,12,0,184,111
3120,12,0,184,111
3121,12,0,184,111
3122,12,0,184,111
3123,12,0,184,111
3124,12,0,184,111
3125,12,0,184,111
3126,12,0,184,111
3127,12,0,184,111
3128,12,0,184,111
3129,12,0,184,111
3130,12,0,184,111
3131,12,0,184,111
3132,12,0,184,111
3133,12,0,184,111
3134,12,0,184,111
3135,12,0,184,111
3136,12,0,184,111
3137,12,0,184,111
3138,12,0,184,111
3139,12,0,184,111
3140,12,0,184,111
3141,12,0,184,111
3142,12,0,184,111
3143,12,0,184,111
3144,12,0,184,111
3145,12,0,184,111
3146,12,0,184,111
3147,12,0,184,111
3148,12,0,184,111
3149,12,0,184,111
3150,12,0,184,111
3151,12,0,184,111
3152,12,0,184,111
3153,12,0,184,111
3154,12,0,184,111
3155,12,0,184,111
3156,12,0,184,111
3157,12,0,184,111
3158,12,0,184,111
3159,12,0,184,111
3160,12,0,184,111
3161,12,0,184,111
3162,12,0,184,111
3163,12,0,184,111
3164,12,0,184,111
3165,12,0,184,111
3166,12,0,184,111
3167,12,0,184,111
3168,12,0,184,111
3169,12,0,184,111
3170,12,0,184,111
3171,12,0,184,111
3172,12,0,184,111
3173,12,0,184,111
3174,12,0,184,111
3175,12,0,184,111
3176,12,0,184,111
3177,12,0,184,111
3178,12,0,184,111
3179,12,0,184,111
3180,12,0,184,111
3181,12,0,184,111
3182,12,0,184,111
3183,12,0,184,111
3184,12,0,184,111
3185,12,0,184,111
3186,12,0,184,111
3187,12,0,184,111
3188,12,0,184,111
3189,12,0,184,111
3190,12,0,184,111
3191,12,0,184,111
3192,12,0,184,111
3193,12,0,184,111
3194,12,0,184,111
3195,12,0,184,111
3196,12,0,184,111
3197,12,0,184,111
3198,12,0,184,111
3199,12,0,184,111
3200,12,0,184,111
3201,12,0,184,111
3202,12,0,184,111
3203,12,0,184,111
3204,12,0,184,111
3205,12,0,184,111
3206,12,0,184,111
3207,12,0,184,111
3208,12,0,184,111
3209,12,0,184,111
3210,12,0,184,111
3211,12,0,184,111
3212,12,0,184,111
3213,12,0,184,111
3214,12,0,184,111
3215,12,0,184,111
3216,12,0,184,111
3217,12,0,184,111
3218,12,0,184,111
3219,12,0,184,111
3220,12,0,184,111
3221,12,0,184,111
3222,12,0,184,111
3223,12,0,184,111
3224,12,0,184,111
3225,12,0,184,111
3226,12,0,184,111
3227,12,0,184,111
3228,12,0,184,111
3229,12,0,184,111
3230,12,0,184,111
3231,12,0,184,111
3232,12,0,184,111
3233,12,0,184,111
3234,12,0,184,111
3235,12,0,184,111
3236,12,0,184,111
3237,12,0,184,111
3238,12,0,184,111
3239,12,0,184,111
3240,12,0,184,111
3241,12,0,184,111
3242,12,0,184,111
3243,12,0,184,111
3244,12,0,184,111
3245,12,0,184,111
3246,12,0,184,111
3247,12,0,184,111
3248,12,0,184,111
3249,12,0,184,111
3250,12,0,184,111
3251,12,0,184,111
3252,12,0,184,111
3253,12,0,184,111
3254,12,0,184,111
3255,12,0,184,111
3256,12,0,184,111
3257,12,0,184,111
3258,12,0,184,111
3259,12,0,184,111
3260,12,0,184,111
3261,12,0,184,111
3262,12,0,184,111
3263,12,0,184,111
3264,12,0,184,111
3265,12,0,184,111
3266,12,0,184,111
3267,12,0,184,111
3268,12,0,184,111
3269,12,0,184,111
3270,12,0,184,111
3271,12,0,184,111
3272,12,0,184,111
3273,12,0,184,111
3274,12,0,184,111
3275,12,0,184,111
3276,12,0,184,111
3277,12,0,184,111
3278,12,0,184,111
3279,12,0,184,111
3280,12,0,184,111
3281,12,0,184,111
3282,12,0,184,111
3283,12,0,184,111
3284,12,0,184,111
3285,12,0,184,111
3286,12,0,184,111
3287,12,0,184,111
3288,12,0,184,111
3289,12,0,184,111
3290,12,0,184,111
3291,12,0,184,111
3292,12,0,184,111
3293,12,0,184,111
3294,12,0,184,111
3295,12,0,184,111
3296,12,0,184,111
3297,12,0,184,111
3298,12,0,184,111
3299,12,0,184,111
3300,12,0,184,111
3301,12,0,184,111
3302,12,0,184,111
3303,12,0,184,111
3304,12,0,184,111
3305,12,0,184,111
3306,12,0,184,111
3307,12,0,184,111
3308,12,0,184,111
3309,12,0,184,111
3310,12,0,184,111
3311,12,0,184,111
3312,12,0,184,111
3313,12,0,184,111
3314,12,0,184,111
3315,12,0,184,111
3316,12,0,184,111
3317,12,0,184,111
3318,12,0,184,111
3319,12,0,184,111
3320,12,0,184,111
3321,12,0,184,111
3322,12,0,184,111
3323,12,0,184,111
3324,12,0,184,111
3325,12,0,184,111
3326,12,0,184,111
3327,12,0,184,111
3328,12,0,184,111
3329,12,0,184,111
3330,12,0,184,111
3331,12,0,184,111
3332,12,0,184,111
3333,12,0,184,111
3334,12,0,184,111
3335,12,0,184,111
3336,12,0,184,111
3337,12,0,184,111
3338,12,0,184,111
3339,12,0,184,111
3340,12,0,184,111
3341,12,0,184,111
3342,12,0,184,111
3343,12,0,184,111
3344,12,0,184,111
3345,12,0,184,111
3346,12,0,184,111
3347,12,0,184,111
3348,12,0,184,111
3349,12,0,184,111
3350,12,0,184,111
3351,12,0,184,111
3352,12,0,184,111
3353,12,0,184,111
3354,12,0,184,111
3355,12,0,184,111
3356,12,0,184,111
3357,12,0,184,111
3358,12,0,184,111
3359,12,0,184,111
3360,12,0,184,111
3361,12,0,184,111
3362,12,0,184,111
3363,12,0,184,111
3364,12,0,184,111
3365,12,0,184,111
3366,12,0,184,111
3367,12,0,184,111
3368,12,0,184,111
3369,12,0,184,111
3370,12,0,184,111
3371,12,0,184,111
3372,12,0,184,111
3373,12,0,184,111
3374,12,0,184,111
3375,12,0,184,111
3376,12,0,184,111
3377,12,0,184,111
3378,12,0,184,111
3379,12,0,184,111
3380,12,0,184,111
3381,12,0,184,111
3382,12,0,184,111
3383,12,0,184,111
3384,12,0,184,111
3385,12,0,184,111
3386,12,0,184,111
3387,12,0,184,111
3388,12,0,184,111
3389,12,0,184,111
3390,12,0,184,111
3391,12,0,184,111
3392,12,0,184,111
3393,12,0,184,111
3394,12,0,184,111
3395,12,0,184,111
3396,12,0,184,111
3397,12,0,184,111
3398,12,0,184,111
3399,12,0,184,111
3400,12,0,184,111
3401,12,0,184,111
3402,12,0,184,111
3403,12,0,184,111
3404,12,0,184,111
3405,12,0,184,111
3406,12,0,184,111
3407,12,0,184,111
3408,12,0,184,111
3409,12,0,184,111
3410,12,0,184,111
3411,12,0,184,111
3412,12,0,184,111
3413,12,0,184,111
3414,12,0,184,111
3415,12,0,184,111
3416,12,0,184,111
3417,12,0,184,111
3418,12,0,184,111
3419,12,0,184,111
3420,12,0,184,111
3421,12,0,184,111
3422,12,0,184,111
3423,12,0,184,111
3424,12,0,184,111
3425,12,0,184,111
3426,12,0,184,111
3427,12,0,184,111
3428,12,0,184,111
3429,12,0,184,111
3430,12,0,184,111
3431,12,0,184,111
3432,12,0,184,111
3433,12,0,184,111
3434,12,0,184,111
3435,12,0,184,111
3436,12,0,184,111
3437,12,0,184,111
3438,12,0,184,111
3439,12,0,184,111
3440,12,0,184,111
3441,12,0,184,111
3442,12,0,184,111
3443,12,0,184,111
3444,12,0,184,111
3445,12,0,184,111
3446,12,0,184,111
3447,12,0,184,111
3448,12,0,184,111
3449,12,0,184,111
3450,12,0,184,111
3451,12,0,184,111
3452,12,0,184,111
3453,12,0,184,111
3454,12,0,184,111
3455,12,0,184,111
3456,12,0,184,111
3457,12,0,184,111
3458,12,0,184,111
3459,12,0,184,111
3460,12,0,184,111
3461,12,0,184,111
3462,12,0,184,111
3463,12,0,184,111
3464,12,0,184,111
3465,12,0,184,111
3466,12,0,184,111
3467,12,0,184,111
3468,12,0,184,111
3469,12,0,184,111
3470,12,0,184,111
3471,12,0,184,111
3472,12,0,184,111
3473,12,0,184,111
3474,12,0,184,111
3475,12,0,184,111
3476,12,0,184,111
3477,12,0,184,111
3478,12,0,184,111
3479,12,0,184,111
3480,12,0,184,111
3481,12,0,184,111
3482,12,0,184,111
3483,12,0,184,111
3484,12,0,184,111
3485,12,0,184,111
3486,12,0,184,111
3487,12,0,184,111
3488,12,0,184,111
3489,12,0,184,111
3490,12,0,184,111
3491,12,0,184,111
3492,12,0,184,111
3493,12,0,184,111
3494,12,0,184,111
3495,12,0,184,111
3496,12,0,184,111
3497,12,0,184,111
3498,12,0,184,111
3499,12,0,184,111
3500,12,0,184,111
3501,12,0,184,111
3502,12,0,184,111
3503,12,0,184,111
3504,12,0,184,111
3505,12,0,184,111
3506,12,0,184,111
3507,12,0,184,111
3508,12,0,184,111
3509,12,0,184,111
3510,12,0,184,111
3511,12,0,184,111
3512,12,0,184,111
3513,12,0,184,111
3514,12,0,184,111
3515,12,0,184,111
3516,12,0,184,111
3517,12,0,184,111
3518,12,0,184,111
3519,12,0,184,111
3520,12,0,184,111
3521,12,0,184,111
3522,12,0,184,111
3523,12,0,184,111
3524,12,0,184,111
3525,12,0,184,111
3526,12,0,184,111
3527,12,0,184,111
3528,12,0,184,111
3529,12,0,184,111
3530,12,0,184,111
3531,12,0,184,111
